epsilon,rho,alfa,Eta.re,Eta.ce,Gamma.re,Gamma.ce,Nu.re,Nu.ce,k.re,k.ce,labor.growth_N,labor.growth_S,lambda.S,sigma.utility,Yre.0_N,Yce.0_N,Yre.0_S,Yce.0_S,size.factor,TimeStep,EndTime,Climate.Model,Beta.Delta.Temp,CO2.base,CO2.Disaster,Delta.Temp.Disaster,qsi,Delta.S,S.0,Future.ID,policy.name,Run.ID
6.111111111,0.008,0.33,0.02,0.02,0.25,0.25,0.02,0.02,0,0,0,0,0.1443,2,45.55074,193.2,27.82166,257.54634,4,5,300,GFDL-ESM2M,3.290828914,285.0510445,2784.237474,6,0.010007156,0.00070503,2402.71314,175,FWA,175
6.111111111,0.008,0.33,0.02,0.02,0.25,0.25,0.02,0.02,0,0,0,0,0.1443,2,45.55074,193.2,27.82166,257.54634,4,5,300,GFDL-ESM2M,3.290828914,285.0510445,2784.237474,6,0.010007156,0.00070503,2402.71314,175,Nordhaus,775
6.111111111,0.008,0.33,0.02,0.02,0.25,0.25,0.02,0.02,0,0,0,0,0.1443,2,45.55074,193.2,27.82166,257.54634,4,5,300,GFDL-ESM2M,3.290828914,285.0510445,2784.237474,6,0.010007156,0.00070503,2402.71314,175,Nordhaus+R&DGreenClimateFund,2575
6.111111111,0.008,0.33,0.02,0.02,0.25,0.25,0.02,0.02,0,0,0,0,0.1443,2,45.55074,193.2,27.82166,257.54634,4,5,300,GFDL-ESM2M,3.290828914,285.0510445,2784.237474,6,0.010007156,0.00070503,2402.71314,175,Nordhaus+TechnologyPolicy.Both,3175
6.111111111,0.008,0.33,0.02,0.02,0.25,0.25,0.02,0.02,0,0,0,0,0.1443,2,45.55074,193.2,27.82166,257.54634,4,5,300,GFDL-ESM2M,3.290828914,285.0510445,2784.237474,6,0.010007156,0.00070503,2402.71314,175,Nordhaus+CoR&DGreenClimateFund+TecS,4975